date,state,total_cases,total_deaths
13/3/2020,PERLIS,1,0
13/3/2020,KEDAH,5,0
13/3/2020,PULAU PINANG,7,0
13/3/2020,PERAK,2,0
13/3/2020,SELANGOR,105,0
13/3/2020,NEGERI SEMBILAN,11,0
13/3/2020,MELAKA,1,0
13/3/2020,JOHOR,16,0
13/3/2020,PAHANG,2,0
13/3/2020,TERENGGANU,NA,0
13/3/2020,KELANTAN,3,0
13/3/2020,SABAH,15,0
13/3/2020,SARAWAK,NA,0
13/3/2020,WP KUALA LUMPUR,26,0
13/3/2020,WP PUTRAJAYA,1,0
13/3/2020,WP LABUAN,2,0
14/3/2020,PERLIS,NA,0
14/3/2020,KEDAH,NA,0
14/3/2020,PULAU PINANG,NA,0
14/3/2020,PERAK,NA,0
14/3/2020,SELANGOR,NA,0
14/3/2020,NEGERI SEMBILAN,NA,0
14/3/2020,MELAKA,NA,0
14/3/2020,JOHOR,NA,0
14/3/2020,PAHANG,NA,0
14/3/2020,TERENGGANU,NA,0
14/3/2020,KELANTAN,NA,0
14/3/2020,SABAH,NA,0
14/3/2020,SARAWAK,NA,0
14/3/2020,WP KUALA LUMPUR,NA,0
14/3/2020,WP PUTRAJAYA,NA,0
14/3/2020,WP LABUAN,NA,0
15/3/2020,PERLIS,NA,0
15/3/2020,KEDAH,NA,0
15/3/2020,PULAU PINANG,NA,0
15/3/2020,PERAK,NA,0
15/3/2020,SELANGOR,NA,0
15/3/2020,NEGERI SEMBILAN,NA,0
15/3/2020,MELAKA,NA,0
15/3/2020,JOHOR,NA,0
15/3/2020,PAHANG,NA,0
15/3/2020,TERENGGANU,NA,0
15/3/2020,KELANTAN,NA,0
15/3/2020,SABAH,NA,0
15/3/2020,SARAWAK,NA,0
15/3/2020,WP KUALA LUMPUR,NA,0
15/3/2020,WP PUTRAJAYA,NA,0
15/3/2020,WP LABUAN,NA,0
16/3/2020,PERLIS,8,0
16/3/2020,KEDAH,31,0
16/3/2020,PULAU PINANG,15,0
16/3/2020,PERAK,18,0
16/3/2020,SELANGOR,144,0
16/3/2020,NEGERI SEMBILAN,42,0
16/3/2020,MELAKA,14,0
16/3/2020,JOHOR,52,0
16/3/2020,PAHANG,19,0
16/3/2020,TERENGGANU,4,0
16/3/2020,KELANTAN,18,0
16/3/2020,SABAH,57,0
16/3/2020,SARAWAK,21,0
16/3/2020,WP KUALA LUMPUR,106,0
16/3/2020,WP PUTRAJAYA,NA,0
16/3/2020,WP LABUAN,4,0
17/3/2020,PERLIS,8,0
17/3/2020,KEDAH,31,0
17/3/2020,PULAU PINANG,23,0
17/3/2020,PERAK,23,0
17/3/2020,SELANGOR,161,0
17/3/2020,NEGERI SEMBILAN,45,0
17/3/2020,MELAKA,17,0
17/3/2020,JOHOR,77,1
17/3/2020,PAHANG,28,0
17/3/2020,TERENGGANU,7,0
17/3/2020,KELANTAN,25,0
17/3/2020,SABAH,82,0
17/3/2020,SARAWAK,29,1
17/3/2020,WP KUALA LUMPUR,113,0
17/3/2020,WP PUTRAJAYA,NA,0
17/3/2020,WP LABUAN,4,0
18/3/2020,PERLIS,8,0
18/3/2020,KEDAH,36,0
18/3/2020,PULAU PINANG,30,0
18/3/2020,PERAK,28,0
18/3/2020,SELANGOR,192,0
18/3/2020,NEGERI SEMBILAN,45,0
18/3/2020,MELAKA,18,0
18/3/2020,JOHOR,88,1
18/3/2020,PAHANG,29,0
18/3/2020,TERENGGANU,10,0
18/3/2020,KELANTAN,30,0
18/3/2020,SABAH,103,0
18/3/2020,SARAWAK,49,1
18/3/2020,WP KUALA LUMPUR,119,0
18/3/2020,WP PUTRAJAYA,NA,0
18/3/2020,WP LABUAN,5,0
19/3/2020,PERLIS,9,0
19/3/2020,KEDAH,40,0
19/3/2020,PULAU PINANG,32,0
19/3/2020,PERAK,35,0
19/3/2020,SELANGOR,223,0
19/3/2020,NEGERI SEMBILAN,56,0
19/3/2020,MELAKA,20,0
19/3/2020,JOHOR,101,1
19/3/2020,PAHANG,32,0
19/3/2020,TERENGGANU,11,0
19/3/2020,KELANTAN,44,0
19/3/2020,SABAH,112,0
19/3/2020,SARAWAK,51,1
19/3/2020,WP KUALA LUMPUR,129,0
19/3/2020,WP PUTRAJAYA,NA,0
19/3/2020,WP LABUAN,5,0
20/3/2020,PERLIS,9,0
20/3/2020,KEDAH,41,0
20/3/2020,PULAU PINANG,37,0
20/3/2020,PERAK,45,0
20/3/2020,SELANGOR,263,0
20/3/2020,NEGERI SEMBILAN,65,0
20/3/2020,MELAKA,22,0
20/3/2020,JOHOR,114,1
20/3/2020,PAHANG,36,0
20/3/2020,TERENGGANU,20,0
20/3/2020,KELANTAN,51,0
20/3/2020,SABAH,119,0
20/3/2020,SARAWAK,58,1
20/3/2020,WP KUALA LUMPUR,145,0
20/3/2020,WP PUTRAJAYA,NA,0
20/3/2020,WP LABUAN,5,0
21/3/2020,PERLIS,9,0
21/3/2020,KEDAH,47,0
21/3/2020,PULAU PINANG,50,0
21/3/2020,PERAK,55,0
21/3/2020,SELANGOR,292,0
21/3/2020,NEGERI SEMBILAN,70,0
21/3/2020,MELAKA,22,1
21/3/2020,JOHOR,129,1
21/3/2020,PAHANG,37,0
21/3/2020,TERENGGANU,27,0
21/3/2020,KELANTAN,61,0
21/3/2020,SABAH,136,1
21/3/2020,SARAWAK,68,1
21/3/2020,WP KUALA LUMPUR,166,0
21/3/2020,WP PUTRAJAYA,9,0
21/3/2020,WP LABUAN,5,0
22/3/2020,PERLIS,9,1
22/3/2020,KEDAH,52,0
22/3/2020,PULAU PINANG,58,1
22/3/2020,PERAK,66,0
22/3/2020,SELANGOR,309,0
22/3/2020,NEGERI SEMBILAN,78,0
22/3/2020,MELAKA,23,1
22/3/2020,JOHOR,145,1
22/3/2020,PAHANG,40,0
22/3/2020,TERENGGANU,32,0
22/3/2020,KELANTAN,63,1
22/3/2020,SABAH,158,1
22/3/2020,SARAWAK,76,3
22/3/2020,WP KUALA LUMPUR,183,1
22/3/2020,WP PUTRAJAYA,9,0
22/3/2020,WP LABUAN,5,0
23/3/2020,PERLIS,9,1
23/3/2020,KEDAH,59,0
23/3/2020,PULAU PINANG,66,1
23/3/2020,PERAK,81,0
23/3/2020,SELANGOR,354,0
23/3/2020,NEGERI SEMBILAN,94,0
23/3/2020,MELAKA,25,1
23/3/2020,JOHOR,158,2
23/3/2020,PAHANG,56,0
23/3/2020,TERENGGANU,38,0
23/3/2020,KELANTAN,71,1
23/3/2020,SABAH,169,1
23/3/2020,SARAWAK,78,5
23/3/2020,WP KUALA LUMPUR,242,2
23/3/2020,WP PUTRAJAYA,13,0
23/3/2020,WP LABUAN,5,0
24/3/2020,PERLIS,9,1
24/3/2020,KEDAH,64,0
24/3/2020,PULAU PINANG,68,1
24/3/2020,PERAK,98,0
24/3/2020,SELANGOR,381,0
24/3/2020,NEGERI SEMBILAN,109,0
24/3/2020,MELAKA,31,1
24/3/2020,JOHOR,162,3
24/3/2020,PAHANG,56,0
24/3/2020,TERENGGANU,38,0
24/3/2020,KELANTAN,78,1
24/3/2020,SABAH,170,1
24/3/2020,SARAWAK,83,5
24/3/2020,WP KUALA LUMPUR,257,2
24/3/2020,WP PUTRAJAYA,15,0
24/3/2020,WP LABUAN,5,0
25/3/2020,PERLIS,10,1
25/3/2020,KEDAH,69,0
25/3/2020,PULAU PINANG,70,1
25/3/2020,PERAK,128,0
25/3/2020,SELANGOR,435,0
25/3/2020,NEGERI SEMBILAN,123,0
25/3/2020,MELAKA,33,1
25/3/2020,JOHOR,196,6
25/3/2020,PAHANG,64,0
25/3/2020,TERENGGANU,38,0
25/3/2020,KELANTAN,84,1
25/3/2020,SABAH,170,1
25/3/2020,SARAWAK,85,5
25/3/2020,WP KUALA LUMPUR,270,3
25/3/2020,WP PUTRAJAYA,16,0
25/3/2020,WP LABUAN,5,0
26/3/2020,PERLIS,10,1
26/3/2020,KEDAH,72,1
26/3/2020,PULAU PINANG,74,1
26/3/2020,PERAK,151,1
26/3/2020,SELANGOR,510,0
26/3/2020,NEGERI SEMBILAN,132,0
26/3/2020,MELAKA,33,1
26/3/2020,JOHOR,239,7
26/3/2020,PAHANG,66,0
26/3/2020,TERENGGANU,39,0
26/3/2020,KELANTAN,94,2
26/3/2020,SABAH,172,1
26/3/2020,SARAWAK,95,5
26/3/2020,WP KUALA LUMPUR,321,3
26/3/2020,WP PUTRAJAYA,18,0
26/3/2020,WP LABUAN,5,0
27/3/2020,PERLIS,10,1
27/3/2020,KEDAH,73,1
27/3/2020,PULAU PINANG,80,1
27/3/2020,PERAK,159,2
27/3/2020,SELANGOR,546,1
27/3/2020,NEGERI SEMBILAN,138,0
27/3/2020,MELAKA,33,1
27/3/2020,JOHOR,259,7
27/3/2020,PAHANG,70,0
27/3/2020,TERENGGANU,41,0
27/3/2020,KELANTAN,98,2
27/3/2020,SABAH,182,1
27/3/2020,SARAWAK,110,5
27/3/2020,WP KUALA LUMPUR,323,4
27/3/2020,WP PUTRAJAYA,34,0
27/3/2020,WP LABUAN,5,0
28/3/2020,PERLIS,10,1
28/3/2020,KEDAH,74,1
28/3/2020,PULAU PINANG,86,1
28/3/2020,PERAK,165,2
28/3/2020,SELANGOR,579,1
28/3/2020,NEGERI SEMBILAN,153,0
28/3/2020,MELAKA,42,1
28/3/2020,JOHOR,285,8
28/3/2020,PAHANG,84,0
28/3/2020,TERENGGANU,45,0
28/3/2020,KELANTAN,108,2
28/3/2020,SABAH,197,1
28/3/2020,SARAWAK,118,5
28/3/2020,WP KUALA LUMPUR,344,4
28/3/2020,WP PUTRAJAYA,20,0
28/3/2020,WP LABUAN,10,0
29/3/2020,PERLIS,10,1
29/3/2020,KEDAH,75,1
29/3/2020,PULAU PINANG,87,1
29/3/2020,PERAK,176,3
29/3/2020,SELANGOR,612,1
29/3/2020,NEGERI SEMBILAN,162,1
29/3/2020,MELAKA,43,1
29/3/2020,JOHOR,309,10
29/3/2020,PAHANG,96,0
29/3/2020,TERENGGANU,47,0
29/3/2020,KELANTAN,123,2
29/3/2020,SABAH,197,1
29/3/2020,SARAWAK,129,5
29/3/2020,WP KUALA LUMPUR,372,7
29/3/2020,WP PUTRAJAYA,22,0
29/3/2020,WP LABUAN,10,0
30/3/2020,PERLIS,11,1
30/3/2020,KEDAH,77,1
30/3/2020,PULAU PINANG,88,1
30/3/2020,PERAK,184,3
30/3/2020,SELANGOR,672,2
30/3/2020,NEGERI SEMBILAN,172,1
30/3/2020,MELAKA,50,1
30/3/2020,JOHOR,333,10
30/3/2020,PAHANG,99,0
30/3/2020,TERENGGANU,47,0
30/3/2020,KELANTAN,127,2
30/3/2020,SABAH,201,1
30/3/2020,SARAWAK,135,7
30/3/2020,WP KUALA LUMPUR,396,7
30/3/2020,WP PUTRAJAYA,24,0
30/3/2020,WP LABUAN,10,0
31/3/2020,PERLIS,12,1
31/3/2020,KEDAH,77,1
31/3/2020,PULAU PINANG,94,1
31/3/2020,PERAK,189,3
31/3/2020,SELANGOR,704,3
31/3/2020,NEGERI SEMBILAN,181,2
31/3/2020,MELAKA,52,1
31/3/2020,JOHOR,349,10
31/3/2020,PAHANG,102,0
31/3/2020,TERENGGANU,47,0
31/3/2020,KELANTAN,131,2
31/3/2020,SABAH,206,1
31/3/2020,SARAWAK,156,8
31/3/2020,WP KUALA LUMPUR,430,9
31/3/2020,WP PUTRAJAYA,26,0
31/3/2020,WP LABUAN,10,0
1/4/2020,PERLIS,12,1
1/4/2020,KEDAH,79,1
1/4/2020,PULAU PINANG,96,1
1/4/2020,PERAK,194,3
1/4/2020,SELANGOR,726,3
1/4/2020,NEGERI SEMBILAN,189,2
1/4/2020,MELAKA,63,1
1/4/2020,JOHOR,368,10
1/4/2020,PAHANG,111,0
1/4/2020,TERENGGANU,48,0
1/4/2020,KELANTAN,134,2
1/4/2020,SABAH,209,1
1/4/2020,SARAWAK,188,8
1/4/2020,WP KUALA LUMPUR,455,11
1/4/2020,WP PUTRAJAYA,26,0
1/4/2020,WP LABUAN,10,0
2/4/2020,PERLIS,12,1
2/4/2020,KEDAH,80,1
2/4/2020,PULAU PINANG,98,1
2/4/2020,PERAK,200,3
2/4/2020,SELANGOR,800,3
2/4/2020,NEGERI SEMBILAN,207,3
2/4/2020,MELAKA,70,1
2/4/2020,JOHOR,395,13
2/4/2020,PAHANG,114,0
2/4/2020,TERENGGANU,50,0
2/4/2020,KELANTAN,137,2
2/4/2020,SABAH,210,1
2/4/2020,SARAWAK,211,9
2/4/2020,WP KUALA LUMPUR,488,11
2/4/2020,WP PUTRAJAYA,34,0
2/4/2020,WP LABUAN,10,0
3/4/2020,PERLIS,12,1
3/4/2020,KEDAH,81,1
3/4/2020,PULAU PINANG,98,1
3/4/2020,PERAK,205,4
3/4/2020,SELANGOR,863,4
3/4/2020,NEGERI SEMBILAN,211,4
3/4/2020,MELAKA,73,1
3/4/2020,JOHOR,416,13
3/4/2020,PAHANG,127,0
3/4/2020,TERENGGANU,68,0
3/4/2020,KELANTAN,137,2
3/4/2020,SABAH,215,1
3/4/2020,SARAWAK,239,9
3/4/2020,WP KUALA LUMPUR,543,11
3/4/2020,WP PUTRAJAYA,35,0
3/4/2020,WP LABUAN,10,0
4/4/2020,PERLIS,12,1
4/4/2020,KEDAH,81,1
4/4/2020,PULAU PINANG,99,1
4/4/2020,PERAK,207,4
4/4/2020,SELANGOR,890,4
4/4/2020,NEGERI SEMBILAN,220,4
4/4/2020,MELAKA,75,1
4/4/2020,JOHOR,422,13
4/4/2020,PAHANG,151,1
4/4/2020,TERENGGANU,74,0
4/4/2020,KELANTAN,139,3
4/4/2020,SABAH,225,1
4/4/2020,SARAWAK,246,10
4/4/2020,WP KUALA LUMPUR,595,12
4/4/2020,WP PUTRAJAYA,36,0
4/4/2020,WP LABUAN,11,0
5/4/2020,PERLIS,13,1
5/4/2020,KEDAH,82,1
5/4/2020,PULAU PINANG,101,1
5/4/2020,PERAK,213,4
5/4/2020,SELANGOR,943,4
5/4/2020,NEGERI SEMBILAN,231,4
5/4/2020,MELAKA,89,1
5/4/2020,JOHOR,438,13
5/4/2020,PAHANG,158,1
5/4/2020,TERENGGANU,84,0
5/4/2020,KELANTAN,141,3
5/4/2020,SABAH,238,2
5/4/2020,SARAWAK,261,12
5/4/2020,WP KUALA LUMPUR,622,13
5/4/2020,WP PUTRAJAYA,37,0
5/4/2020,WP LABUAN,11,0
6/4/2020,PERLIS,13,1
6/4/2020,KEDAH,85,1
6/4/2020,PULAU PINANG,101,1
6/4/2020,PERAK,219,4
6/4/2020,SELANGOR,970,4
6/4/2020,NEGERI SEMBILAN,239,4
6/4/2020,MELAKA,99,1
6/4/2020,JOHOR,468,13
6/4/2020,PAHANG,161,1
6/4/2020,TERENGGANU,90,1
6/4/2020,KELANTAN,142,3
6/4/2020,SABAH,240,2
6/4/2020,SARAWAK,273,12
6/4/2020,WP KUALA LUMPUR,640,13
6/4/2020,WP PUTRAJAYA,41,0
6/4/2020,WP LABUAN,12,0
7/4/2020,PERLIS,17,1
7/4/2020,KEDAH,90,1
7/4/2020,PULAU PINANG,102,1
7/4/2020,PERAK,233,4
7/4/2020,SELANGOR,1020,4
7/4/2020,NEGERI SEMBILAN,261,4
7/4/2020,MELAKA,103,1
7/4/2020,JOHOR,478,14
7/4/2020,PAHANG,166,1
7/4/2020,TERENGGANU,90,1
7/4/2020,KELANTAN,147,3
7/4/2020,SABAH,241,2
7/4/2020,SARAWAK,288,12
7/4/2020,WP KUALA LUMPUR,671,13
7/4/2020,WP PUTRAJAYA,43,0
7/4/2020,WP LABUAN,13,0
8/4/2020,PERLIS,17,1
8/4/2020,KEDAH,91,1
8/4/2020,PULAU PINANG,108,1
8/4/2020,PERAK,237,4
8/4/2020,SELANGOR,1078,4
8/4/2020,NEGERI SEMBILAN,270,5
8/4/2020,MELAKA,116,1
8/4/2020,JOHOR,496,14
8/4/2020,PAHANG,169,1
8/4/2020,TERENGGANU,93,1
8/4/2020,KELANTAN,147,3
8/4/2020,SABAH,248,2
8/4/2020,SARAWAK,306,12
8/4/2020,WP KUALA LUMPUR,685,14
8/4/2020,WP PUTRAJAYA,45,0
8/4/2020,WP LABUAN,13,0
9/4/2020,PERLIS,17,1
9/4/2020,KEDAH,93,1
9/4/2020,PULAU PINANG,108,1
9/4/2020,PERAK,241,4
9/4/2020,SELANGOR,1118,4
9/4/2020,NEGERI SEMBILAN,281,5
9/4/2020,MELAKA,119,2
9/4/2020,JOHOR,503,14
9/4/2020,PAHANG,183,1
9/4/2020,TERENGGANU,98,1
9/4/2020,KELANTAN,148,3
9/4/2020,SABAH,248,2
9/4/2020,SARAWAK,312,13
9/4/2020,WP KUALA LUMPUR,699,14
9/4/2020,WP PUTRAJAYA,47,0
9/4/2020,WP LABUAN,13,0
10/4/2020,PERLIS,17,1
10/4/2020,KEDAH,93,1
10/4/2020,PULAU PINANG,109,1
10/4/2020,PERAK,242,4
10/4/2020,SELANGOR,1148,4
10/4/2020,NEGERI SEMBILAN,292,5
10/4/2020,MELAKA,133,2
10/4/2020,JOHOR,523,14
10/4/2020,PAHANG,187,1
10/4/2020,TERENGGANU,101,1
10/4/2020,KELANTAN,149,3
10/4/2020,SABAH,250,3
10/4/2020,SARAWAK,327,13
10/4/2020,WP KUALA LUMPUR,713,16
10/4/2020,WP PUTRAJAYA,49,0
10/4/2020,WP LABUAN,13,0
11/4/2020,PERLIS,17,1
11/4/2020,KEDAH,93,1
11/4/2020,PULAU PINANG,114,1
11/4/2020,PERAK,243,5
11/4/2020,SELANGOR,1183,5
11/4/2020,NEGERI SEMBILAN,309,6
11/4/2020,MELAKA,141,2
11/4/2020,JOHOR,544,14
11/4/2020,PAHANG,214,1
11/4/2020,TERENGGANU,102,1
11/4/2020,KELANTAN,151,3
11/4/2020,SABAH,260,3
11/4/2020,SARAWAK,334,13
11/4/2020,WP KUALA LUMPUR,759,16
11/4/2020,WP PUTRAJAYA,51,0
11/4/2020,WP LABUAN,15,0
12/4/2020,PERLIS,17,1
12/4/2020,KEDAH,93,1
12/4/2020,PULAU PINANG,116,1
12/4/2020,PERAK,244,6
12/4/2020,SELANGOR,1236,5
12/4/2020,NEGERI SEMBILAN,318,7
12/4/2020,MELAKA,144,2
12/4/2020,JOHOR,558,14
12/4/2020,PAHANG,225,1
12/4/2020,TERENGGANU,102,1
12/4/2020,KELANTAN,152,3
12/4/2020,SABAH,266,3
12/4/2020,SARAWAK,342,14
12/4/2020,WP KUALA LUMPUR,803,16
12/4/2020,WP PUTRAJAYA,52,0
12/4/2020,WP LABUAN,15,0
13/4/2020,PERLIS,17,1
13/4/2020,KEDAH,93,1
13/4/2020,PULAU PINANG,116,1
13/4/2020,PERAK,247,6
13/4/2020,SELANGOR,1249,5
13/4/2020,NEGERI SEMBILAN,360,7
13/4/2020,MELAKA,144,3
13/4/2020,JOHOR,579,14
13/4/2020,PAHANG,225,1
13/4/2020,TERENGGANU,106,1
13/4/2020,KELANTAN,154,3
13/4/2020,SABAH,280,3
13/4/2020,SARAWAK,348,14
13/4/2020,WP KUALA LUMPUR,830,16
13/4/2020,WP PUTRAJAYA,54,0
13/4/2020,WP LABUAN,15,0
14/4/2020,PERLIS,18,1
14/4/2020,KEDAH,93,1
14/4/2020,PULAU PINANG,119,1
14/4/2020,PERAK,250,6
14/4/2020,SELANGOR,1299,6
14/4/2020,NEGERI SEMBILAN,362,7
14/4/2020,MELAKA,147,4
14/4/2020,JOHOR,587,15
14/4/2020,PAHANG,236,1
14/4/2020,TERENGGANU,106,1
14/4/2020,KELANTAN,154,3
14/4/2020,SABAH,285,4
14/4/2020,SARAWAK,363,14
14/4/2020,WP KUALA LUMPUR,899,17
14/4/2020,WP PUTRAJAYA,54,0
14/4/2020,WP LABUAN,15,0
15/4/2020,PERLIS,18,1
15/4/2020,KEDAH,94,1
15/4/2020,PULAU PINANG,119,1
15/4/2020,PERAK,250,6
15/4/2020,SELANGOR,1316,6
15/4/2020,NEGERI SEMBILAN,363,7
15/4/2020,MELAKA,147,4
15/4/2020,JOHOR,601,15
15/4/2020,PAHANG,253,1
15/4/2020,TERENGGANU,106,1
15/4/2020,KELANTAN,154,3
15/4/2020,SABAH,285,4
15/4/2020,SARAWAK,371,14
15/4/2020,WP KUALA LUMPUR,926,18
15/4/2020,WP PUTRAJAYA,54,0
15/4/2020,WP LABUAN,15,0
16/4/2020,PERLIS,18,1
16/4/2020,KEDAH,94,1
16/4/2020,PULAU PINANG,119,1
16/4/2020,PERAK,251,6
16/4/2020,SELANGOR,1329,6
16/4/2020,NEGERI SEMBILAN,389,7
16/4/2020,MELAKA,147,4
16/4/2020,JOHOR,614,15
16/4/2020,PAHANG,261,1
16/4/2020,TERENGGANU,108,1
16/4/2020,KELANTAN,155,3
16/4/2020,SABAH,288,4
16/4/2020,SARAWAK,387,14
16/4/2020,WP KUALA LUMPUR,952,19
16/4/2020,WP PUTRAJAYA,55,0
16/4/2020,WP LABUAN,15,0
17/4/2020,PERLIS,18,1
17/4/2020,KEDAH,94,1
17/4/2020,PULAU PINANG,119,1
17/4/2020,PERAK,252,6
17/4/2020,SELANGOR,1338,6
17/4/2020,NEGERI SEMBILAN,402,7
17/4/2020,MELAKA,148,4
17/4/2020,JOHOR,623,15
17/4/2020,PAHANG,262,2
17/4/2020,TERENGGANU,108,1
17/4/2020,KELANTAN,155,3
17/4/2020,SABAH,293,4
17/4/2020,SARAWAK,397,14
17/4/2020,WP KUALA LUMPUR,971,20
17/4/2020,WP PUTRAJAYA,55,0
17/4/2020,WP LABUAN,16,0
18/4/2020,PERLIS,18,1
18/4/2020,KEDAH,94,1
18/4/2020,PULAU PINANG,119,1
18/4/2020,PERAK,252,6
18/4/2020,SELANGOR,1340,7
18/4/2020,NEGERI SEMBILAN,405,7
18/4/2020,MELAKA,148,4
18/4/2020,JOHOR,639,15
18/4/2020,PAHANG,264,2
18/4/2020,TERENGGANU,109,1
18/4/2020,KELANTAN,155,3
18/4/2020,SABAH,303,4
18/4/2020,SARAWAK,403,14
18/4/2020,WP KUALA LUMPUR,985,21
18/4/2020,WP PUTRAJAYA,55,0
18/4/2020,WP LABUAN,16,0
19/4/2020,PERLIS,18,1
19/4/2020,KEDAH,94,1
19/4/2020,PULAU PINANG,119,1
19/4/2020,PERAK,252,6
19/4/2020,SELANGOR,1343,7
19/4/2020,NEGERI SEMBILAN,405,7
19/4/2020,MELAKA,185,4
19/4/2020,JOHOR,642,16
19/4/2020,PAHANG,269,2
19/4/2020,TERENGGANU,109,1
19/4/2020,KELANTAN,155,3
19/4/2020,SABAH,306,4
19/4/2020,SARAWAK,408,14
19/4/2020,WP KUALA LUMPUR,1004,21
19/4/2020,WP PUTRAJAYA,64,0
19/4/2020,WP LABUAN,16,0
20/4/2020,PERLIS,18,1
20/4/2020,KEDAH,94,1
20/4/2020,PULAU PINANG,119,1
20/4/2020,PERAK,252,6
20/4/2020,SELANGOR,1345,7
20/4/2020,NEGERI SEMBILAN,408,7
20/4/2020,MELAKA,187,4
20/4/2020,JOHOR,644,16
20/4/2020,PAHANG,271,2
20/4/2020,TERENGGANU,109,1
20/4/2020,KELANTAN,155,3
20/4/2020,SABAH,308,4
20/4/2020,SARAWAK,414,14
20/4/2020,WP KUALA LUMPUR,1008,21
20/4/2020,WP PUTRAJAYA,77,0
20/4/2020,WP LABUAN,16,0
21/4/2020,PERLIS,18,1
21/4/2020,KEDAH,94,1
21/4/2020,PULAU PINANG,119,1
21/4/2020,PERAK,252,6
21/4/2020,SELANGOR,1356,8
21/4/2020,NEGERI SEMBILAN,409,7
21/4/2020,MELAKA,188,4
21/4/2020,JOHOR,645,16
21/4/2020,PAHANG,279,2
21/4/2020,TERENGGANU,109,1
21/4/2020,KELANTAN,155,3
21/4/2020,SABAH,308,4
21/4/2020,SARAWAK,436,15
21/4/2020,WP KUALA LUMPUR,1021,22
21/4/2020,WP PUTRAJAYA,77,0
21/4/2020,WP LABUAN,16,0
22/4/2020,PERLIS,18,1
22/4/2020,KEDAH,95,1
22/4/2020,PULAU PINANG,119,1
22/4/2020,PERAK,252,6
22/4/2020,SELANGOR,1357,8
22/4/2020,NEGERI SEMBILAN,411,7
22/4/2020,MELAKA,189,4
22/4/2020,JOHOR,648,16
22/4/2020,PAHANG,285,2
22/4/2020,TERENGGANU,109,1
22/4/2020,KELANTAN,155,3
22/4/2020,SABAH,308,4
22/4/2020,SARAWAK,455,16
22/4/2020,WP KUALA LUMPUR,1037,22
22/4/2020,WP PUTRAJAYA,78,0
22/4/2020,WP LABUAN,16,0
23/4/2020,PERLIS,18,1
23/4/2020,KEDAH,95,1
23/4/2020,PULAU PINANG,119,1
23/4/2020,PERAK,252,6
23/4/2020,SELANGOR,1369,8
23/4/2020,NEGERI SEMBILAN,431,7
23/4/2020,MELAKA,189,4
23/4/2020,JOHOR,651,17
23/4/2020,PAHANG,286,3
23/4/2020,TERENGGANU,110,1
23/4/2020,KELANTAN,155,3
23/4/2020,SABAH,309,4
23/4/2020,SARAWAK,459,16
23/4/2020,WP KUALA LUMPUR,1066,22
23/4/2020,WP PUTRAJAYA,78,0
23/4/2020,WP LABUAN,16,0
24/4/2020,PERLIS,18,1
24/4/2020,KEDAH,95,1
24/4/2020,PULAU PINANG,119,1
24/4/2020,PERAK,252,6
24/4/2020,SELANGOR,1387,9
24/4/2020,NEGERI SEMBILAN,433,7
24/4/2020,MELAKA,192,4
24/4/2020,JOHOR,655,17
24/4/2020,PAHANG,287,3
24/4/2020,TERENGGANU,110,1
24/4/2020,KELANTAN,155,3
24/4/2020,SABAH,311,4
24/4/2020,SARAWAK,468,16
24/4/2020,WP KUALA LUMPUR,1115,22
24/4/2020,WP PUTRAJAYA,78,0
24/4/2020,WP LABUAN,16,0
25/4/2020,PERLIS,18,1
25/4/2020,KEDAH,95,1
25/4/2020,PULAU PINANG,119,1
25/4/2020,PERAK,252,6
25/4/2020,SELANGOR,1388,10
25/4/2020,NEGERI SEMBILAN,433,7
25/4/2020,MELAKA,192,4
25/4/2020,JOHOR,655,17
25/4/2020,PAHANG,288,3
25/4/2020,TERENGGANU,110,1
25/4/2020,KELANTAN,155,3
25/4/2020,SABAH,311,4
25/4/2020,SARAWAK,478,16
25/4/2020,WP KUALA LUMPUR,1154,23
25/4/2020,WP PUTRAJAYA,78,0
25/4/2020,WP LABUAN,16,0
26/4/2020,PERLIS,18,1
26/4/2020,KEDAH,95,1
26/4/2020,PULAU PINANG,121,1
26/4/2020,PERAK,252,6
26/4/2020,SELANGOR,1394,10
26/4/2020,NEGERI SEMBILAN,434,7
26/4/2020,MELAKA,193,4
26/4/2020,JOHOR,659,17
26/4/2020,PAHANG,288,3
26/4/2020,TERENGGANU,110,1
26/4/2020,KELANTAN,155,3
26/4/2020,SABAH,311,4
26/4/2020,SARAWAK,485,16
26/4/2020,WP KUALA LUMPUR,1170,23
26/4/2020,WP PUTRAJAYA,79,0
26/4/2020,WP LABUAN,16,0
27/4/2020,PERLIS,18,1
27/4/2020,KEDAH,95,1
27/4/2020,PULAU PINANG,121,1
27/4/2020,PERAK,253,6
27/4/2020,SELANGOR,1398,10
27/4/2020,NEGERI SEMBILAN,435,7
27/4/2020,MELAKA,193,4
27/4/2020,JOHOR,659,18
27/4/2020,PAHANG,288,3
27/4/2020,TERENGGANU,110,1
27/4/2020,KELANTAN,155,3
27/4/2020,SABAH,312,4
27/4/2020,SARAWAK,488,16
27/4/2020,WP KUALA LUMPUR,1200,23
27/4/2020,WP PUTRAJAYA,79,0
27/4/2020,WP LABUAN,16,0
28/4/2020,PERLIS,18,1
28/4/2020,KEDAH,95,1
28/4/2020,PULAU PINANG,121,1
28/4/2020,PERAK,253,6
28/4/2020,SELANGOR,1403,11
28/4/2020,NEGERI SEMBILAN,436,7
28/4/2020,MELAKA,193,4
28/4/2020,JOHOR,660,18
28/4/2020,PAHANG,288,3
28/4/2020,TERENGGANU,110,1
28/4/2020,KELANTAN,155,3
28/4/2020,SABAH,313,4
28/4/2020,SARAWAK,496,16
28/4/2020,WP KUALA LUMPUR,1214,23
28/4/2020,WP PUTRAJAYA,80,0
28/4/2020,WP LABUAN,16,0
29/4/2020,PERLIS,18,1
29/4/2020,KEDAH,95,1
29/4/2020,PULAU PINANG,121,1
29/4/2020,PERAK,253,6
29/4/2020,SELANGOR,1404,11
29/4/2020,NEGERI SEMBILAN,508,7
29/4/2020,MELAKA,193,4
29/4/2020,JOHOR,660,18
29/4/2020,PAHANG,293,3
29/4/2020,TERENGGANU,110,1
29/4/2020,KELANTAN,155,3
29/4/2020,SABAH,315,4
29/4/2020,SARAWAK,502,16
29/4/2020,WP KUALA LUMPUR,1222,23
29/4/2020,WP PUTRAJAYA,80,0
29/4/2020,WP LABUAN,16,0
30/4/2020,PERLIS,18,1
30/4/2020,KEDAH,95,1
30/4/2020,PULAU PINANG,121,1
30/4/2020,PERAK,253,6
30/4/2020,SELANGOR,1431,11
30/4/2020,NEGERI SEMBILAN,513,7
30/4/2020,MELAKA,198,4
30/4/2020,JOHOR,663,18
30/4/2020,PAHANG,294,4
30/4/2020,TERENGGANU,110,1
30/4/2020,KELANTAN,155,3
30/4/2020,SABAH,315,4
30/4/2020,SARAWAK,507,17
30/4/2020,WP KUALA LUMPUR,1232,23
30/4/2020,WP PUTRAJAYA,81,0
30/4/2020,WP LABUAN,16,0
1/5/2020,PERLIS,18,1
1/5/2020,KEDAH,95,1
1/5/2020,PULAU PINANG,121,1
1/5/2020,PERAK,253,6
1/5/2020,SELANGOR,1455,11
1/5/2020,NEGERI SEMBILAN,513,7
1/5/2020,MELAKA,199,4
1/5/2020,JOHOR,666,18
1/5/2020,PAHANG,297,4
1/5/2020,TERENGGANU,110,1
1/5/2020,KELANTAN,155,3
1/5/2020,SABAH,315,4
1/5/2020,SARAWAK,509,17
1/5/2020,WP KUALA LUMPUR,1264,24
1/5/2020,WP PUTRAJAYA,85,0
1/5/2020,WP LABUAN,16,0
2/5/2020,PERLIS,18,1
2/5/2020,KEDAH,95,1
2/5/2020,PULAU PINANG,121,1
2/5/2020,PERAK,253,6
2/5/2020,SELANGOR,1518,11
2/5/2020,NEGERI SEMBILAN,521,7
2/5/2020,MELAKA,201,4
2/5/2020,JOHOR,667,18
2/5/2020,PAHANG,305,4
2/5/2020,TERENGGANU,110,1
2/5/2020,KELANTAN,155,3
2/5/2020,SABAH,315,4
2/5/2020,SARAWAK,518,17
2/5/2020,WP KUALA LUMPUR,1278,24
2/5/2020,WP PUTRAJAYA,85,0
2/5/2020,WP LABUAN,16,0
3/5/2020,PERLIS,18,1
3/5/2020,KEDAH,95,1
3/5/2020,PULAU PINANG,121,1
3/5/2020,PERAK,253,6
3/5/2020,SELANGOR,1529,12
3/5/2020,NEGERI SEMBILAN,592,7
3/5/2020,MELAKA,204,4
3/5/2020,JOHOR,667,18
3/5/2020,PAHANG,305,4
3/5/2020,TERENGGANU,110,1
3/5/2020,KELANTAN,155,3
3/5/2020,SABAH,316,4
3/5/2020,SARAWAK,523,17
3/5/2020,WP KUALA LUMPUR,1308,24
3/5/2020,WP PUTRAJAYA,86,0
3/5/2020,WP LABUAN,16,0
4/5/2020,PERLIS,18,1
4/5/2020,KEDAH,95,1
4/5/2020,PULAU PINANG,121,1
4/5/2020,PERAK,253,6
4/5/2020,SELANGOR,1550,12
4/5/2020,NEGERI SEMBILAN,598,7
4/5/2020,MELAKA,207,4
4/5/2020,JOHOR,667,18
4/5/2020,PAHANG,305,4
4/5/2020,TERENGGANU,110,1
4/5/2020,KELANTAN,155,3
4/5/2020,SABAH,316,4
4/5/2020,SARAWAK,523,17
4/5/2020,WP KUALA LUMPUR,1333,24
4/5/2020,WP PUTRAJAYA,86,0
4/5/2020,WP LABUAN,16,0
5/5/2020,PERLIS,18,1
5/5/2020,KEDAH,95,1
5/5/2020,PULAU PINANG,121,1
5/5/2020,PERAK,253,6
5/5/2020,SELANGOR,1555,13
5/5/2020,NEGERI SEMBILAN,598,7
5/5/2020,MELAKA,207,4
5/5/2020,JOHOR,667,18
5/5/2020,PAHANG,305,4
5/5/2020,TERENGGANU,110,1
5/5/2020,KELANTAN,155,3
5/5/2020,SABAH,316,4
5/5/2020,SARAWAK,525,17
5/5/2020,WP KUALA LUMPUR,1356,24
5/5/2020,WP PUTRAJAYA,86,0
5/5/2020,WP LABUAN,16,0
6/5/2020,PERLIS,18,1
6/5/2020,KEDAH,95,1
6/5/2020,PULAU PINANG,121,1
6/5/2020,PERAK,253,6
6/5/2020,SELANGOR,1564,14
6/5/2020,NEGERI SEMBILAN,600,7
6/5/2020,MELAKA,208,4
6/5/2020,JOHOR,667,18
6/5/2020,PAHANG,305,4
6/5/2020,TERENGGANU,110,1
6/5/2020,KELANTAN,155,3
6/5/2020,SABAH,316,4
6/5/2020,SARAWAK,536,17
6/5/2020,WP KUALA LUMPUR,1378,24
6/5/2020,WP PUTRAJAYA,86,0
6/5/2020,WP LABUAN,16,0
7/5/2020,PERLIS,18,1
7/5/2020,KEDAH,95,1
7/5/2020,PULAU PINANG,121,1
7/5/2020,PERAK,253,6
7/5/2020,SELANGOR,1580,14
7/5/2020,NEGERI SEMBILAN,600,7
7/5/2020,MELAKA,209,4
7/5/2020,JOHOR,667,18
7/5/2020,PAHANG,305,4
7/5/2020,TERENGGANU,110,1
7/5/2020,KELANTAN,155,3
7/5/2020,SABAH,317,4
7/5/2020,SARAWAK,537,17
7/5/2020,WP KUALA LUMPUR,1398,24
7/5/2020,WP PUTRAJAYA,86,0
7/5/2020,WP LABUAN,16,0
8/5/2020,PERLIS,18,1
8/5/2020,KEDAH,95,1
8/5/2020,PULAU PINANG,121,1
8/5/2020,PERAK,253,6
8/5/2020,SELANGOR,1586,14
8/5/2020,NEGERI SEMBILAN,653,7
8/5/2020,MELAKA,209,4
8/5/2020,JOHOR,667,18
8/5/2020,PAHANG,306,4
8/5/2020,TERENGGANU,110,1
8/5/2020,KELANTAN,155,3
8/5/2020,SABAH,317,4
8/5/2020,SARAWAK,538,17
8/5/2020,WP KUALA LUMPUR,1404,24
8/5/2020,WP PUTRAJAYA,87,0
8/5/2020,WP LABUAN,16,0
9/5/2020,PERLIS,18,1
9/5/2020,KEDAH,95,1
9/5/2020,PULAU PINANG,121,1
9/5/2020,PERAK,253,6
9/5/2020,SELANGOR,1596,14
9/5/2020,NEGERI SEMBILAN,681,7
9/5/2020,MELAKA,210,5
9/5/2020,JOHOR,667,18
9/5/2020,PAHANG,306,4
9/5/2020,TERENGGANU,110,1
9/5/2020,KELANTAN,155,3
9/5/2020,SABAH,317,4
9/5/2020,SARAWAK,542,17
9/5/2020,WP KUALA LUMPUR,1414,24
9/5/2020,WP PUTRAJAYA,88,0
9/5/2020,WP LABUAN,16,0
10/5/2020,PERLIS,18,1
10/5/2020,KEDAH,95,1
10/5/2020,PULAU PINANG,121,1
10/5/2020,PERAK,255,6
10/5/2020,SELANGOR,1604,14
10/5/2020,NEGERI SEMBILAN,726,7
10/5/2020,MELAKA,210,5
10/5/2020,JOHOR,667,18
10/5/2020,PAHANG,308,4
10/5/2020,TERENGGANU,110,1
10/5/2020,KELANTAN,155,3
10/5/2020,SABAH,317,4
10/5/2020,SARAWAK,543,17
10/5/2020,WP KUALA LUMPUR,1423,24
10/5/2020,WP PUTRAJAYA,88,0
10/5/2020,WP LABUAN,16,0
11/5/2020,PERLIS,18,1
11/5/2020,KEDAH,95,1
11/5/2020,PULAU PINANG,121,1
11/5/2020,PERAK,255,6
11/5/2020,SELANGOR,1607,14
11/5/2020,NEGERI SEMBILAN,742,7
11/5/2020,MELAKA,211,5
11/5/2020,JOHOR,667,18
11/5/2020,PAHANG,312,4
11/5/2020,TERENGGANU,110,1
11/5/2020,KELANTAN,155,3
11/5/2020,SABAH,327,4
11/5/2020,SARAWAK,543,17
11/5/2020,WP KUALA LUMPUR,1458,25
11/5/2020,WP PUTRAJAYA,89,0
11/5/2020,WP LABUAN,16,0
12/5/2020,PERLIS,18,1
12/5/2020,KEDAH,95,1
12/5/2020,PULAU PINANG,121,1
12/5/2020,PERAK,255,6
12/5/2020,SELANGOR,1610,14
12/5/2020,NEGERI SEMBILAN,742,7
12/5/2020,MELAKA,211,5
12/5/2020,JOHOR,667,18
12/5/2020,PAHANG,312,4
12/5/2020,TERENGGANU,110,1
12/5/2020,KELANTAN,155,3
12/5/2020,SABAH,328,4
12/5/2020,SARAWAK,543,17
12/5/2020,WP KUALA LUMPUR,1470,25
12/5/2020,WP PUTRAJAYA,89,0
12/5/2020,WP LABUAN,16,0
13/5/2020,PERLIS,18,1
13/5/2020,KEDAH,95,1
13/5/2020,PULAU PINANG,121,1
13/5/2020,PERAK,255,6
13/5/2020,SELANGOR,1612,14
13/5/2020,NEGERI SEMBILAN,764,7
13/5/2020,MELAKA,213,5
13/5/2020,JOHOR,667,19
13/5/2020,PAHANG,315,5
13/5/2020,TERENGGANU,110,1
13/5/2020,KELANTAN,155,3
13/5/2020,SABAH,330,4
13/5/2020,SARAWAK,544,17
13/5/2020,WP KUALA LUMPUR,1475,25
13/5/2020,WP PUTRAJAYA,89,0
13/5/2020,WP LABUAN,16,0
14/5/2020,PERLIS,18,1
14/5/2020,KEDAH,95,1
14/5/2020,PULAU PINANG,121,1
14/5/2020,PERAK,255,6
14/5/2020,SELANGOR,1613,14
14/5/2020,NEGERI SEMBILAN,775,7
14/5/2020,MELAKA,214,5
14/5/2020,JOHOR,668,19
14/5/2020,PAHANG,323,6
14/5/2020,TERENGGANU,110,1
14/5/2020,KELANTAN,155,3
14/5/2020,SABAH,330,4
14/5/2020,SARAWAK,544,17
14/5/2020,WP KUALA LUMPUR,1493,25
14/5/2020,WP PUTRAJAYA,89,0
14/5/2020,WP LABUAN,16,0
15/5/2020,PERLIS,18,1
15/5/2020,KEDAH,95,1
15/5/2020,PULAU PINANG,121,1
15/5/2020,PERAK,255,6
15/5/2020,SELANGOR,1627,14
15/5/2020,NEGERI SEMBILAN,776,7
15/5/2020,MELAKA,215,5
15/5/2020,JOHOR,668,19
15/5/2020,PAHANG,328,6
15/5/2020,TERENGGANU,110,1
15/5/2020,KELANTAN,155,3
15/5/2020,SABAH,330,4
15/5/2020,SARAWAK,544,17
15/5/2020,WP KUALA LUMPUR,1508,25
15/5/2020,WP PUTRAJAYA,89,0
15/5/2020,WP LABUAN,16,0
16/5/2020,PERLIS,18,1
16/5/2020,KEDAH,95,1
16/5/2020,PULAU PINANG,121,1
16/5/2020,PERAK,255,6
16/5/2020,SELANGOR,1628,14
16/5/2020,NEGERI SEMBILAN,776,7
16/5/2020,MELAKA,215,5
16/5/2020,JOHOR,668,19
16/5/2020,PAHANG,335,6
16/5/2020,TERENGGANU,110,1
16/5/2020,KELANTAN,155,3
16/5/2020,SABAH,331,5
16/5/2020,SARAWAK,544,17
16/5/2020,WP KUALA LUMPUR,1515,25
16/5/2020,WP PUTRAJAYA,90,0
16/5/2020,WP LABUAN,16,0
17/5/2020,PERLIS,18,1
17/5/2020,KEDAH,95,1
17/5/2020,PULAU PINANG,121,1
17/5/2020,PERAK,255,6
17/5/2020,SELANGOR,1636,14
17/5/2020,NEGERI SEMBILAN,776,7
17/5/2020,MELAKA,215,5
17/5/2020,JOHOR,668,19
17/5/2020,PAHANG,336,6
17/5/2020,TERENGGANU,110,1
17/5/2020,KELANTAN,155,3
17/5/2020,SABAH,331,5
17/5/2020,SARAWAK,544,17
17/5/2020,WP KUALA LUMPUR,1528,25
17/5/2020,WP PUTRAJAYA,90,0
17/5/2020,WP LABUAN,16,0
18/5/2020,PERLIS,18,1
18/5/2020,KEDAH,95,1
18/5/2020,PULAU PINANG,121,1
18/5/2020,PERAK,255,6
18/5/2020,SELANGOR,1644,14
18/5/2020,NEGERI SEMBILAN,776,7
18/5/2020,MELAKA,215,5
18/5/2020,JOHOR,668,19
18/5/2020,PAHANG,336,6
18/5/2020,TERENGGANU,110,1
18/5/2020,KELANTAN,155,3
18/5/2020,SABAH,331,5
18/5/2020,SARAWAK,544,17
18/5/2020,WP KUALA LUMPUR,1566,25
18/5/2020,WP PUTRAJAYA,91,0
18/5/2020,WP LABUAN,16,0
19/5/2020,PERLIS,18,1
19/5/2020,KEDAH,95,1
19/5/2020,PULAU PINANG,121,1
19/5/2020,PERAK,255,6
19/5/2020,SELANGOR,1650,14
19/5/2020,NEGERI SEMBILAN,776,7
19/5/2020,MELAKA,215,5
19/5/2020,JOHOR,669,19
19/5/2020,PAHANG,338,7
19/5/2020,TERENGGANU,110,1
19/5/2020,KELANTAN,155,3
19/5/2020,SABAH,337,5
19/5/2020,SARAWAK,544,17
19/5/2020,WP KUALA LUMPUR,1588,25
19/5/2020,WP PUTRAJAYA,91,0
19/5/2020,WP LABUAN,16,0
20/5/2020,PERLIS,18,1
20/5/2020,KEDAH,96,1
20/5/2020,PULAU PINANG,121,1
20/5/2020,PERAK,255,6
20/5/2020,SELANGOR,1665,14
20/5/2020,NEGERI SEMBILAN,776,7
20/5/2020,MELAKA,215,5
20/5/2020,JOHOR,669,19
20/5/2020,PAHANG,338,7
20/5/2020,TERENGGANU,111,1
20/5/2020,KELANTAN,156,3
20/5/2020,SABAH,338,5
20/5/2020,SARAWAK,544,17
20/5/2020,WP KUALA LUMPUR,1598,25
20/5/2020,WP PUTRAJAYA,93,0
20/5/2020,WP LABUAN,16,0
21/5/2020,PERLIS,18,1
21/5/2020,KEDAH,96,1
21/5/2020,PULAU PINANG,121,1
21/5/2020,PERAK,255,6
21/5/2020,SELANGOR,1673,14
21/5/2020,NEGERI SEMBILAN,778,7
21/5/2020,MELAKA,215,5
21/5/2020,JOHOR,669,19
21/5/2020,PAHANG,339,7
21/5/2020,TERENGGANU,111,1
21/5/2020,KELANTAN,156,3
21/5/2020,SABAH,338,5
21/5/2020,SARAWAK,544,17
21/5/2020,WP KUALA LUMPUR,1637,25
21/5/2020,WP PUTRAJAYA,93,0
21/5/2020,WP LABUAN,16,0
22/5/2020,PERLIS,18,1
22/5/2020,KEDAH,96,1
22/5/2020,PULAU PINANG,121,1
22/5/2020,PERAK,255,6
22/5/2020,SELANGOR,1693,15
22/5/2020,NEGERI SEMBILAN,791,7
22/5/2020,MELAKA,216,5
22/5/2020,JOHOR,669,19
22/5/2020,PAHANG,341,7
22/5/2020,TERENGGANU,111,1
22/5/2020,KELANTAN,156,3
22/5/2020,SABAH,340,5
22/5/2020,SARAWAK,545,17
22/5/2020,WP KUALA LUMPUR,1676,25
22/5/2020,WP PUTRAJAYA,93,0
22/5/2020,WP LABUAN,16,0
23/5/2020,PERLIS,18,1
23/5/2020,KEDAH,96,1
23/5/2020,PULAU PINANG,121,1
23/5/2020,PERAK,255,6
23/5/2020,SELANGOR,1730,15
23/5/2020,NEGERI SEMBILAN,792,7
23/5/2020,MELAKA,216,5
23/5/2020,JOHOR,670,19
23/5/2020,PAHANG,344,7
23/5/2020,TERENGGANU,111,1
23/5/2020,KELANTAN,156,3
23/5/2020,SABAH,341,5
23/5/2020,SARAWAK,545,17
23/5/2020,WP KUALA LUMPUR,1681,25
23/5/2020,WP PUTRAJAYA,93,0
23/5/2020,WP LABUAN,16,0
24/5/2020,PERLIS,18,1
24/5/2020,KEDAH,96,1
24/5/2020,PULAU PINANG,121,1
24/5/2020,PERAK,255,6
24/5/2020,SELANGOR,1776,15
24/5/2020,NEGERI SEMBILAN,792,7
24/5/2020,MELAKA,216,5
24/5/2020,JOHOR,671,19
24/5/2020,PAHANG,344,7
24/5/2020,TERENGGANU,111,1
24/5/2020,KELANTAN,156,3
24/5/2020,SABAH,343,5
24/5/2020,SARAWAK,545,17
24/5/2020,WP KUALA LUMPUR,1692,25
24/5/2020,WP PUTRAJAYA,93,0
24/5/2020,WP LABUAN,16,0
25/5/2020,PERLIS,18,1
25/5/2020,KEDAH,96,1
25/5/2020,PULAU PINANG,121,1
25/5/2020,PERAK,255,6
25/5/2020,SELANGOR,1829,15
25/5/2020,NEGERI SEMBILAN,792,7
25/5/2020,MELAKA,216,5
25/5/2020,JOHOR,671,19
25/5/2020,PAHANG,344,7
25/5/2020,TERENGGANU,111,1
25/5/2020,KELANTAN,156,3
25/5/2020,SABAH,343,5
25/5/2020,SARAWAK,549,17
25/5/2020,WP KUALA LUMPUR,1807,25
25/5/2020,WP PUTRAJAYA,93,0
25/5/2020,WP LABUAN,16,0
26/5/2020,PERLIS,18,1
26/5/2020,KEDAH,96,1
26/5/2020,PULAU PINANG,121,1
26/5/2020,PERAK,255,6
26/5/2020,SELANGOR,1838,15
26/5/2020,NEGERI SEMBILAN,793,7
26/5/2020,MELAKA,216,5
26/5/2020,JOHOR,671,19
26/5/2020,PAHANG,344,7
26/5/2020,TERENGGANU,111,1
26/5/2020,KELANTAN,156,3
26/5/2020,SABAH,343,5
26/5/2020,SARAWAK,549,17
26/5/2020,WP KUALA LUMPUR,1984,25
26/5/2020,WP PUTRAJAYA,93,0
26/5/2020,WP LABUAN,16,0
27/5/2020,PERLIS,18,1
27/5/2020,KEDAH,96,1
27/5/2020,PULAU PINANG,121,1
27/5/2020,PERAK,255,6
27/5/2020,SELANGOR,1843,15
27/5/2020,NEGERI SEMBILAN,793,7
27/5/2020,MELAKA,216,5
27/5/2020,JOHOR,671,19
27/5/2020,PAHANG,344,7
27/5/2020,TERENGGANU,111,1
27/5/2020,KELANTAN,156,3
27/5/2020,SABAH,344,5
27/5/2020,SARAWAK,552,17
27/5/2020,WP KUALA LUMPUR,1990,25
27/5/2020,WP PUTRAJAYA,93,0
27/5/2020,WP LABUAN,16,0
28/5/2020,PERLIS,18,1
28/5/2020,KEDAH,96,1
28/5/2020,PULAU PINANG,121,1
28/5/2020,PERAK,255,6
28/5/2020,SELANGOR,1845,15
28/5/2020,NEGERI SEMBILAN,793,7
28/5/2020,MELAKA,216,5
28/5/2020,JOHOR,671,19
28/5/2020,PAHANG,345,7
28/5/2020,TERENGGANU,111,1
28/5/2020,KELANTAN,156,3
28/5/2020,SABAH,344,5
28/5/2020,SARAWAK,552,17
28/5/2020,WP KUALA LUMPUR,1997,25
28/5/2020,WP PUTRAJAYA,93,0
28/5/2020,WP LABUAN,16,0
29/5/2020,PERLIS,18,1
29/5/2020,KEDAH,96,1
29/5/2020,PULAU PINANG,121,1
29/5/2020,PERAK,255,6
29/5/2020,SELANGOR,1873,15
29/5/2020,NEGERI SEMBILAN,852,7
29/5/2020,MELAKA,216,5
29/5/2020,JOHOR,674,19
29/5/2020,PAHANG,346,7
29/5/2020,TERENGGANU,111,1
29/5/2020,KELANTAN,156,3
29/5/2020,SABAH,346,5
29/5/2020,SARAWAK,552,17
29/5/2020,WP KUALA LUMPUR,2007,25
29/5/2020,WP PUTRAJAYA,93,0
29/5/2020,WP LABUAN,16,0
30/5/2020,PERLIS,18,1
30/5/2020,KEDAH,96,1
30/5/2020,PULAU PINANG,121,1
30/5/2020,PERAK,256,6
30/5/2020,SELANGOR,1878,15
30/5/2020,NEGERI SEMBILAN,856,7
30/5/2020,MELAKA,218,5
30/5/2020,JOHOR,675,19
30/5/2020,PAHANG,346,7
30/5/2020,TERENGGANU,111,1
30/5/2020,KELANTAN,156,3
30/5/2020,SABAH,346,5
30/5/2020,SARAWAK,552,17
30/5/2020,WP KUALA LUMPUR,2020,25
30/5/2020,WP PUTRAJAYA,97,0
30/5/2020,WP LABUAN,16,0
31/5/2020,PERLIS,18,1
31/5/2020,KEDAH,96,1
31/5/2020,PULAU PINANG,121,1
31/5/2020,PERAK,256,6
31/5/2020,SELANGOR,1909,15
31/5/2020,NEGERI SEMBILAN,858,7
31/5/2020,MELAKA,219,5
31/5/2020,JOHOR,675,19
31/5/2020,PAHANG,361,7
31/5/2020,TERENGGANU,111,1
31/5/2020,KELANTAN,156,3
31/5/2020,SABAH,346,5
31/5/2020,SARAWAK,552,17
31/5/2020,WP KUALA LUMPUR,2028,25
31/5/2020,WP PUTRAJAYA,97,0
31/5/2020,WP LABUAN,16,0
1/6/2020,PERLIS,18,1
1/6/2020,KEDAH,96,1
1/6/2020,PULAU PINANG,121,1
1/6/2020,PERAK,256,6
1/6/2020,SELANGOR,1920,15
1/6/2020,NEGERI SEMBILAN,860,7
1/6/2020,MELAKA,232,5
1/6/2020,JOHOR,675,19
1/6/2020,PAHANG,361,7
1/6/2020,TERENGGANU,111,1
1/6/2020,KELANTAN,156,3
1/6/2020,SABAH,347,5
1/6/2020,SARAWAK,552,17
1/6/2020,WP KUALA LUMPUR,2039,25
1/6/2020,WP PUTRAJAYA,97,0
1/6/2020,WP LABUAN,16,0
2/6/2020,PERLIS,18,1
2/6/2020,KEDAH,96,1
2/6/2020,PULAU PINANG,121,1
2/6/2020,PERAK,256,6
2/6/2020,SELANGOR,1926,15
2/6/2020,NEGERI SEMBILAN,866,7
2/6/2020,MELAKA,233,5
2/6/2020,JOHOR,676,19
2/6/2020,PAHANG,361,7
2/6/2020,TERENGGANU,111,1
2/6/2020,KELANTAN,156,3
2/6/2020,SABAH,348,5
2/6/2020,SARAWAK,552,17
2/6/2020,WP KUALA LUMPUR,2044,25
2/6/2020,WP PUTRAJAYA,97,0
2/6/2020,WP LABUAN,16,0
3/6/2020,PERLIS,18,1
3/6/2020,KEDAH,96,1
3/6/2020,PULAU PINANG,121,1
3/6/2020,PERAK,256,6
3/6/2020,SELANGOR,1928,15
3/6/2020,NEGERI SEMBILAN,902,7
3/6/2020,MELAKA,233,5
3/6/2020,JOHOR,676,19
3/6/2020,PAHANG,361,7
3/6/2020,TERENGGANU,111,1
3/6/2020,KELANTAN,156,3
3/6/2020,SABAH,348,5
3/6/2020,SARAWAK,552,17
3/6/2020,WP KUALA LUMPUR,2099,25
3/6/2020,WP PUTRAJAYA,97,0
3/6/2020,WP LABUAN,16,0
4/6/2020,PERLIS,18,1
4/6/2020,KEDAH,96,1
4/6/2020,PULAU PINANG,121,1
4/6/2020,PERAK,256,6
4/6/2020,SELANGOR,1930,15
4/6/2020,NEGERI SEMBILAN,905,7
4/6/2020,MELAKA,233,5
4/6/2020,JOHOR,676,19
4/6/2020,PAHANG,362,7
4/6/2020,TERENGGANU,111,1
4/6/2020,KELANTAN,156,3
4/6/2020,SABAH,348,5
4/6/2020,SARAWAK,552,17
4/6/2020,WP KUALA LUMPUR,2370,25
4/6/2020,WP PUTRAJAYA,97,0
4/6/2020,WP LABUAN,16,0
5/6/2020,PERLIS,18,1
5/6/2020,KEDAH,96,1
5/6/2020,PULAU PINANG,121,1
5/6/2020,PERAK,256,6
5/6/2020,SELANGOR,1939,15
5/6/2020,NEGERI SEMBILAN,905,7
5/6/2020,MELAKA,234,5
5/6/2020,JOHOR,676,20
5/6/2020,PAHANG,363,7
5/6/2020,TERENGGANU,111,1
5/6/2020,KELANTAN,156,3
5/6/2020,SABAH,351,5
5/6/2020,SARAWAK,553,17
5/6/2020,WP KUALA LUMPUR,2374,25
5/6/2020,WP PUTRAJAYA,97,0
5/6/2020,WP LABUAN,16,0
6/6/2020,PERLIS,18,1
6/6/2020,KEDAH,96,1
6/6/2020,PULAU PINANG,121,1
6/6/2020,PERAK,256,6
6/6/2020,SELANGOR,1953,16
6/6/2020,NEGERI SEMBILAN,910,7
6/6/2020,MELAKA,234,5
6/6/2020,JOHOR,676,20
6/6/2020,PAHANG,363,7
6/6/2020,TERENGGANU,111,1
6/6/2020,KELANTAN,156,3
6/6/2020,SABAH,351,5
6/6/2020,SARAWAK,555,17
6/6/2020,WP KUALA LUMPUR,2389,25
6/6/2020,WP PUTRAJAYA,97,0
6/6/2020,WP LABUAN,17,0
7/6/2020,PERLIS,18,1
7/6/2020,KEDAH,96,1
7/6/2020,PULAU PINANG,121,1
7/6/2020,PERAK,256,6
7/6/2020,SELANGOR,1965,16
7/6/2020,NEGERI SEMBILAN,911,7
7/6/2020,MELAKA,234,5
7/6/2020,JOHOR,676,20
7/6/2020,PAHANG,363,7
7/6/2020,TERENGGANU,111,1
7/6/2020,KELANTAN,156,3
7/6/2020,SABAH,353,5
7/6/2020,SARAWAK,555,17
7/6/2020,WP KUALA LUMPUR,2393,25
7/6/2020,WP PUTRAJAYA,97,0
7/6/2020,WP LABUAN,17,0
8/6/2020,PERLIS,18,1
8/6/2020,KEDAH,96,1
8/6/2020,PULAU PINANG,121,1
8/6/2020,PERAK,256,6
8/6/2020,SELANGOR,1968,16
8/6/2020,NEGERI SEMBILAN,911,7
8/6/2020,MELAKA,235,5
8/6/2020,JOHOR,676,20
8/6/2020,PAHANG,363,7
8/6/2020,TERENGGANU,111,1
8/6/2020,KELANTAN,156,3
8/6/2020,SABAH,355,5
8/6/2020,SARAWAK,555,17
8/6/2020,WP KUALA LUMPUR,2394,25
8/6/2020,WP PUTRAJAYA,97,0
8/6/2020,WP LABUAN,17,0
9/6/2020,PERLIS,18,1
9/6/2020,KEDAH,96,1
9/6/2020,PULAU PINANG,121,1
9/6/2020,PERAK,256,6
9/6/2020,SELANGOR,1971,16
9/6/2020,NEGERI SEMBILAN,911,7
9/6/2020,MELAKA,235,5
9/6/2020,JOHOR,676,20
9/6/2020,PAHANG,363,7
9/6/2020,TERENGGANU,111,1
9/6/2020,KELANTAN,156,3
9/6/2020,SABAH,355,5
9/6/2020,SARAWAK,555,17
9/6/2020,WP KUALA LUMPUR,2398,25
9/6/2020,WP PUTRAJAYA,97,0
9/6/2020,WP LABUAN,17,0
10/6/2020,PERLIS,18,1
10/6/2020,KEDAH,96,1
10/6/2020,PULAU PINANG,121,1
10/6/2020,PERAK,256,6
10/6/2020,SELANGOR,1971,17
10/6/2020,NEGERI SEMBILAN,911,7
10/6/2020,MELAKA,235,5
10/6/2020,JOHOR,677,20
10/6/2020,PAHANG,363,7
10/6/2020,TERENGGANU,111,1
10/6/2020,KELANTAN,156,3
10/6/2020,SABAH,355,5
10/6/2020,SARAWAK,556,17
10/6/2020,WP KUALA LUMPUR,2398,25
10/6/2020,WP PUTRAJAYA,97,0
10/6/2020,WP LABUAN,17,0
11/6/2020,PERLIS,18,1
11/6/2020,KEDAH,96,1
11/6/2020,PULAU PINANG,121,1
11/6/2020,PERAK,256,6
11/6/2020,SELANGOR,1974,17
11/6/2020,NEGERI SEMBILAN,927,7
11/6/2020,MELAKA,246,5
11/6/2020,JOHOR,677,20
11/6/2020,PAHANG,363,7
11/6/2020,TERENGGANU,111,1
11/6/2020,KELANTAN,156,3
11/6/2020,SABAH,355,5
11/6/2020,SARAWAK,556,17
11/6/2020,WP KUALA LUMPUR,2399,25
11/6/2020,WP PUTRAJAYA,97,0
11/6/2020,WP LABUAN,17,0
12/6/2020,PERLIS,18,1
12/6/2020,KEDAH,96,1
12/6/2020,PULAU PINANG,121,1
12/6/2020,PERAK,256,6
12/6/2020,SELANGOR,1987,17
12/6/2020,NEGERI SEMBILAN,931,7
12/6/2020,MELAKA,250,5
12/6/2020,JOHOR,678,20
12/6/2020,PAHANG,363,7
12/6/2020,TERENGGANU,111,1
12/6/2020,KELANTAN,156,3
12/6/2020,SABAH,356,6
12/6/2020,SARAWAK,556,17
12/6/2020,WP KUALA LUMPUR,2409,25
12/6/2020,WP PUTRAJAYA,97,0
12/6/2020,WP LABUAN,17,0
13/6/2020,PERLIS,18,1
13/6/2020,KEDAH,96,1
13/6/2020,PULAU PINANG,121,1
13/6/2020,PERAK,257,6
13/6/2020,SELANGOR,1994,17
13/6/2020,NEGERI SEMBILAN,957,7
13/6/2020,MELAKA,252,5
13/6/2020,JOHOR,680,20
13/6/2020,PAHANG,365,7
13/6/2020,TERENGGANU,111,1
13/6/2020,KELANTAN,156,3
13/6/2020,SABAH,358,7
13/6/2020,SARAWAK,556,17
13/6/2020,WP KUALA LUMPUR,2410,25
13/6/2020,WP PUTRAJAYA,97,0
13/6/2020,WP LABUAN,17,0
14/6/2020,PERLIS,18,1
14/6/2020,KEDAH,96,1
14/6/2020,PULAU PINANG,121,1
14/6/2020,PERAK,257,6
14/6/2020,SELANGOR,1996,17
14/6/2020,NEGERI SEMBILAN,957,7
14/6/2020,MELAKA,253,5
14/6/2020,JOHOR,680,20
14/6/2020,PAHANG,365,7
14/6/2020,TERENGGANU,111,1
14/6/2020,KELANTAN,156,3
14/6/2020,SABAH,358,7
14/6/2020,SARAWAK,557,17
14/6/2020,WP KUALA LUMPUR,2414,25
14/6/2020,WP PUTRAJAYA,97,0
14/6/2020,WP LABUAN,17,0
15/6/2020,PERLIS,18,1
15/6/2020,KEDAH,96,1
15/6/2020,PULAU PINANG,121,1
15/6/2020,PERAK,257,6
15/6/2020,SELANGOR,1998,17
15/6/2020,NEGERI SEMBILAN,989,7
15/6/2020,MELAKA,255,5
15/6/2020,JOHOR,683,20
15/6/2020,PAHANG,365,7
15/6/2020,TERENGGANU,111,1
15/6/2020,KELANTAN,156,3
15/6/2020,SABAH,359,7
15/6/2020,SARAWAK,557,17
15/6/2020,WP KUALA LUMPUR,2415,25
15/6/2020,WP PUTRAJAYA,97,0
15/6/2020,WP LABUAN,17,0
